Lcl Date,Lcl Time,UTCOfst,AtvWpt,Latitude,Longitude,AltInd,BaroA,AltMSL,OAT,IAS,GndSpd,VSpd,Pitch,Roll,LatAc,NormAc,HDG,TRK,volt1,volt2,amp1,FQtyL,FQtyR,E1 FFlow,E1 OilT,E1 OilP,E1 MAP,E1 RPM,E1 %Pwr,E1 CHT1,E1 CHT2,E1 CHT3,E1 CHT4,E1 CHT5,E1 CHT6,E1 EGT1,E1 EGT2,E1 EGT3,E1 EGT4,E1 EGT5,E1 EGT6,E1 TIT1,E1 TIT2,E1 Torq,E1 NG,E1 ITT,E2 FFlow,E2 MAP,E2 RPM,E2 Torq,E2 NG,E2 ITT,AltGPS,TAS,HSIS,CRS,NAV1,NAV2,COM1,COM2,HCDI,VCDI,WndSpd,WndDr,WptDst,WptBrg,MagVar,AfcsOn,RollM,PitchM,RollC,PichC,VSpdG,GPSfix,HAL,VAL,HPLwas,HPLfd,VPLwas
,,,,,,,30.33,,,0.00,,,,,,,,,,,,,,,,,30.24,,,,,,,,,,,,,,,,,,,,,,,,,,,,GPS,52.2,108.75,108.75,134.930,134.930,,,,,,,1.9,0,NONE,NONE,,,,NoSoln,3704,,,,
2022-04-16,16:17:32,+00:00,,,,311.4,30.33,,,0.00,,,,,,,,,,,,,,0.00,,,30.24,0.0,,,,,,,,,,,,,,,,,,,,,,,,,,0,GPS,52.2,108.75,108.75,134.930,134.930,,,,,,,1.9,0,NONE,NONE,,,,NoSoln,3704,,,,
2022-04-16,16:17:35,+00:00,,,,311.4,30.33,,19.0,0.00,,-16.00,,,,,,,25.2,24.6,-7.9,46.00,45.53,0.00,150.37,0.36,30.25,0.0,0.00,171.46,175.64,180.47,174.13,166.02,156.11,203.58,234.26,190.97,188.32,188.19,154.08,404.67,346.07,,,,,,,,,,,0,GPS,52.2,108.75,108.75,134.930,134.930,,,,,,,1.9,0,NONE,NONE,,,,NoSoln,3704,,,,
2022-04-16,16:17:36,+00:00,,,,311.4,30.33,,19.0,0.00,,-16.00,,,,,,,25.2,24.6,-7.8,46.00,45.53,0.00,150.33,0.37,30.24,0.0,0.00,171.34,175.53,180.33,174.03,165.92,156.00,202.99,234.15,190.69,188.12,187.97,153.74,404.35,344.70,,,,,,,,,,,0,GPS,52.2,108.75,108.75,134.930,134.930,,,,,,,1.9,0,NONE,NONE,,,,NoSoln,3704,,,,
2022-04-16,16:18:07,+00:00,,,,310.4,30.33,,18.8,0.00,,-15.39,,,,,,,25.1,24.4,-8.8,46.00,45.47,0.00,148.53,0.36,30.23,0.0,0.00,167.51,171.91,176.59,170.72,162.07,152.01,199.19,225.10,184.76,180.88,181.58,147.71,395.18,342.35,,,,,,,,,,,0,GPS,52.2,108.75,108.75,134.930,134.930,,,,,,,1.9,0,NONE,NONE,,,,NoSoln,3704,,,,
2022-04-16,16:18:08,+00:00,,,,310.4,30.33,,18.8,0.00,,-2.52,2.24,-0.75,0.01,-0.00,63.3,,25.1,24.4,-8.9,46.00,45.47,0.00,148.45,0.35,30.23,0.0,0.00,167.39,171.78,176.48,170.62,161.94,151.87,198.82,225.16,184.52,180.68,181.38,147.55,394.94,341.62,,,,,,,,,,,0,GPS,52.2,108.75,108.75,134.930,134.930,,,,,,,1.9,0,NONE,NONE,,,,NoSoln,3704,,,,
2022-04-16,16:18:55,+00:00,,,,314.4,30.33,,18.8,0.00,,1.31,1.44,-0.80,0.01,0.00,63.3,,27.6,28.6,8.8,46.00,45.44,3.03,171.15,35.71,13.56,1013.0,0.07,169.80,170.41,175.69,168.52,160.45,150.92,836.51,801.45,787.06,798.50,852.07,824.05,705.60,768.87,,,,,,,,,,,0,GPS,52.2,108.75,108.75,134.930,134.930,,,,,,,1.9,0,NONE,NONE,,,,NoSoln,3704,,,,
2022-04-16,16:18:56,+00:00,,49.2079353,4.1491699,315.4,30.33,335.0,18.8,0.00,1.32,0.83,1.44,-0.79,0.02,-0.00,63.3,358.1,27.6,28.7,8.8,46.00,45.45,3.05,170.95,35.96,13.47,1019.9,0.07,170.13,170.66,175.92,168.64,160.66,151.20,841.17,811.55,795.03,813.39,865.44,833.38,714.65,775.18,,,,,,,,,,484.8,0,GPS,52.2,108.75,108.75,134.930,134.930,,,,,,,1.9,0,NONE,NONE,,,3.9,3D,3704,,,,
2022-04-16,16:18:57,+00:00,,49.2079201,4.1491733,315.4,30.33,333.1,18.8,0.00,0.00,-0.59,1.41,-0.80,0.01,-0.00,63.3,358.1,27.6,28.7,8.8,46.00,45.44,3.09,170.76,36.24,13.40,1027.5,0.08,170.45,170.90,176.22,168.83,160.90,151.49,846.16,822.83,801.85,824.83,874.55,843.51,724.94,780.69,,,,,,,,,,482.9,0,GPS,52.2,108.75,108.75,134.930,134.930,,,,,,,1.9,0,NONE,NONE,,,3.9,3D,3704,,,,
2022-04-16,16:18:58,+00:00,,49.2079086,4.1491776,314.4,30.33,331.1,18.8,0.00,0.00,-14.76,1.40,-0.78,0.02,-0.00,63.3,358.1,27.7,28.7,8.7,46.00,45.45,3.08,170.61,36.26,13.49,1020.2,0.08,170.77,171.15,176.52,168.97,161.13,151.80,855.74,831.50,808.01,836.40,884.83,853.16,733.26,787.60,,,,,,,,,,480.9,0,GPS,52.2,108.75,108.75,134.930,134.930,,,,,,,1.9,0,NONE,NONE,,,-3.9,3D,3704,,,,
2022-04-16,16:18:59,+00:00,,49.2078934,4.1491733,314.4,30.33,324.5,18.8,0.00,0.00,-13.97,1.38,-0.80,0.02,0.00,63.3,358.1,27.7,28.7,8.6,46.00,45.45,3.08,170.45,36.53,13.41,1028.1,0.08,171.10,171.41,176.80,169.14,161.38,152.09,859.53,838.99,814.95,844.65,894.88,861.02,740.43,792.76,,,,,,,,,,474.3,0,GPS,52.2,108.75,108.75,134.930,134.930,,,,,,,1.9,0,NONE,NONE,,,0.0,3D,3704,,,,
2022-04-16,16:19:00,+00:00,,49.2078857,4.1491733,314.4,30.33,322.1,18.8,0.00,0.00,1.39,1.37,-0.81,0.02,-0.01,63.3,358.1,27.7,28.7,8.6,46.00,45.45,3.08,170.26,36.43,13.51,1021.0,0.08,171.42,171.68,177.10,169.29,161.63,152.42,863.14,846.15,820.76,850.82,901.87,868.77,746.16,797.05,,,,,,,,,,471.9,0,GPS,52.2,108.75,108.75,134.930,134.930,,,,,,,1.9,0,NONE,NONE,,,7.9,3D,3704,,,,
2022-04-16,16:19:01,+00:00,,49.2078857,4.1491747,314.4,30.33,324.2,18.8,0.00,0.00,-8.74,1.37,-0.81,0.01,0.00,63.3,358.1,27.7,28.7,8.5,46.00,45.45,3.08,170.06,36.49,13.45,1025.5,0.08,171.77,171.92,177.35,169.45,161.89,152.73,866.89,850.28,826.12,854.69,909.43,876.55,750.44,801.52,,,,,,,,,,474.0,0,GPS,52.2,108.75,108.75,134.930,134.930,,,,,,,1.9,0,NONE,NONE,,,3.9,3D,3704,,,,
2022-04-16,16:19:02,+00:00,,49.2078590,4.1491609,315.4,30.33,304.8,18.8,0.00,0.00,-6.98,1.36,-0.82,0.01,-0.01,63.3,358.1,27.7,28.7,8.4,46.00,45.45,3.07,169.88,36.48,13.51,1022.4,0.08,172.10,172.21,177.70,169.64,162.15,153.08,870.06,857.82,831.79,867.54,920.79,882.65,759.00,805.90,,,,,,,,,,454.6,0,GPS,52.2,108.75,108.75,134.930,134.930,,,,,,,1.9,0,NONE,NONE,,,0.0,3D,3704,,,152.0,
2022-04-16,16:19:03,+00:00,,49.2078590,4.1491604,314.4,30.33,304.6,18.8,0.00,0.00,-2.20,1.36,-0.82,0.01,-0.00,63.4,358.1,27.7,28.7,8.3,46.00,45.46,3.07,169.73,36.70,13.45,1029.0,0.08,172.44,172.47,177.97,169.83,162.43,153.43,873.52,864.57,836.91,875.45,925.56,889.46,766.52,810.44,,,,,,,,,,454.4,0,GPS,52.2,108.75,108.75,134.930,134.930,,,,,,,1.9,0,NONE,NONE,,,0.0,3D,3704,,,151.5,
2022-04-16,16:19:04,+00:00,,49.2078590,4.1491609,314.4,30.33,306.3,18.8,0.00,0.00,-14.33,1.34,-0.81,0.01,0.01,63.4,358.1,27.7,28.7,8.2,46.00,45.45,3.05,169.58,36.90,13.42,1032.5,0.08,172.77,172.75,178.32,170.02,162.69,153.79,878.14,869.75,841.77,882.55,933.22,896.46,772.14,814.89,,,,,,,,,,456.1,0,GPS,52.2,108.75,108.75,134.930,134.930,,,,,,,1.9,0,NONE,NONE,,,3.9,3D,3704,,,151.5,
2022-04-16,16:19:05,+00:00,,49.2078590,4.1491613,314.4,30.33,306.3,18.8,0.00,0.00,-23.87,1.38,-0.81,0.01,-0.00,63.4,358.1,27.7,28.7,8.1,46.00,45.45,3.03,169.42,36.62,13.54,1021.4,0.08,173.12,173.01,178.64,170.22,162.99,154.13,880.93,874.39,847.76,884.99,942.94,903.92,776.36,819.41,,,,,,,,,,456.2,0,GPS,52.2,108.75,108.75,134.930,134.930,,,,,,,1.9,0,NONE,NONE,,,0.0,3D,3704,,,151.5,
2022-04-16,16:19:06,+00:00,,49.2078629,4.1491446,314.4,30.33,313.5,18.8,0.00,0.00,-22.52,1.35,-0.82,0.00,0.01,63.3,358.1,27.7,28.7,8.0,46.00,45.45,3.01,169.22,36.73,13.51,1024.7,0.08,173.46,173.31,178.92,170.41,163.28,154.51,884.61,879.71,852.39,893.39,947.29,909.43,782.52,823.77,,,,,,,,,,463.3,0,GPS,52.2,108.75,108.75,134.930,134.930,,,,,,,1.9,0,NONE,NONE,,,0.0,3D,3704,,,418.0,
2022-04-16,16:19:07,+00:00,,49.2078629,4.1491446,313.4,30.33,313.4,18.8,0.00,0.00,-12.35,1.35,-0.83,0.01,-0.00,63.4,358.1,27.7,28.7,7.9,46.00,45.45,3.02,169.05,36.90,13.45,1031.7,0.08,173.81,173.60,179.26,170.62,163.59,154.86,888.86,884.00,857.15,898.03,953.68,913.10,787.62,828.63,,,,,,,,,,463.2,0,GPS,52.2,108.75,108.75,134.930,134.930,,,,,,,1.9,0,NONE,NONE,,,0.0,3D,3704,,,418.0,
2022-04-16,16:19:08,+00:00,,49.2078629,4.1491442,313.4,30.33,314.1,18.8,0.00,0.00,-37.29,1.33,-0.86,0.01,0.00,63.4,358.1,27.7,28.7,7.8,46.00,45.45,3.03,168.89,36.89,13.50,1026.8,0.08,174.16,173.90,179.62,170.83,163.88,155.25,892.68,882.08,860.10,907.20,958.46,916.67,790.92,831.81,,,,,,,,,,463.9,0,GPS,52.2,108.75,108.75,134.930,134.930,,,,,,,1.9,0,NONE,NONE,,,0.0,3D,3704,,,418.0,
2022-04-16,16:19:09,+00:00,,49.2078667,4.1491456,314.4,30.33,311.7,18.8,0.00,0.00,-12.96,1.36,-0.83,0.01,0.00,63.4,358.1,27.7,28.7,7.7,46.00,45.45,3.05,168.78,37.00,13.48,1031.8,0.08,174.53,174.19,179.92,171.04,164.21,155.62,895.64,886.58,863.76,913.47,961.67,920.99,797.00,835.24,,,,,,,,,,461.5,0,GPS,52.2,108.75,108.75,134.930,134.930,,,,,,,1.9,0,NONE,NONE,,,0.0,3D,3704,,,418.0,
2022-04-16,16:19:10,+00:00,,49.2078667,4.1491470,314.4,30.33,312.1,18.8,0.00,0.00,11.87,1.33,-0.81,0.02,0.01,63.4,358.1,27.7,28.7,7.6,46.00,45.45,3.05,168.68,37.27,13.42,1036.6,0.08,174.89,174.51,180.25,171.26,164.52,156.03,898.30,891.50,867.87,920.53,963.75,923.58,802.19,838.13,,,,,,,,,,461.9,0,GPS,52.2,108.75,108.75,134.930,134.930,,,,,,,1.9,0,NONE,NONE,,,0.0,3D,3704,,,418.0,
2022-04-16,16:19:11,+00:00,,49.2078667,4.1491475,314.4,30.33,312.2,18.8,0.00,0.00,1.98,1.33,-0.86,0.00,0.00,63.4,358.1,27.7,28.7,7.5,46.00,45.45,3.05,168.57,37.43,13.42,1038.2,0.08,175.25,174.81,180.60,171.47,164.85,156.40,901.94,896.20,871.48,924.21,966.63,926.47,806.36,841.65,,,,,,,,,,462.0,0,GPS,52.2,108.75,108.75,134.930,134.930,,,,,,,1.9,0,NONE,NONE,,,0.0,3D,3704,,,418.0,
2022-04-16,16:19:12,+00:00,,49.2078667,4.1491485,314.4,30.33,312.1,18.8,0.00,0.00,7.10,1.33,-0.83,0.01,0.00,63.4,358.1,27.7,28.7,7.5,46.00,45.45,3.06,168.43,37.44,13.42,1036.9,0.08,175.63,175.11,180.92,171.72,165.17,156.82,905.28,901.03,874.88,929.09,973.00,927.32,811.03,845.71,,,,,,,,,,461.9,0,GPS,52.2,108.75,108.75,134.930,134.930,,,,,,,1.9,0,NONE,NONE,,,0.0,3D,3704,,,418.0,
2022-04-16,16:19:13,+00:00,,49.2078629,4.1491451,314.4,30.33,314.5,18.8,0.00,0.00,-4.14,1.34,-0.81,0.01,0.00,63.4,358.1,27.7,28.7,7.4,46.00,45.45,3.08,168.32,37.59,13.40,1042.7,0.08,176.01,175.43,181.30,171.97,165.52,157.22,907.67,903.59,878.56,931.93,976.24,931.23,814.50,848.79,,,,,,,,,,464.3,0,GPS,52.2,108.75,108.75,134.930,134.930,,,,,,,1.9,0,NONE,NONE,,,0.0,3D,3704,,,418.0,
2022-04-16,16:19:14,+00:00,,49.2078629,4.1491456,314.4,30.33,314.7,18.8,0.00,0.00,2.06,1.34,-0.80,0.01,0.00,63.4,358.1,27.7,28.8,7.3,46.00,45.45,3.11,168.23,38.09,13.52,1054.9,0.08,176.38,175.75,181.63,172.20,165.85,157.64,910.05,906.85,881.78,935.19,978.86,935.46,818.28,851.63,,,,,,,,,,464.6,0,GPS,52.2,108.75,108.75,134.930,134.930,,,,,,,1.9,0,NONE,NONE,,,0.0,3D,3704,,,418.0,
2022-04-16,16:19:15,+00:00,,49.2078629,4.1491466,313.4,30.33,315.2,18.8,0.00,0.00,-21.17,1.35,-0.81,0.01,0.00,63.4,358.1,27.7,28.8,7.2,46.00,45.45,3.16,168.13,38.32,13.52,1054.7,0.08,176.76,176.06,182.01,172.45,166.22,158.05,913.46,911.09,885.00,940.12,982.66,940.45,822.41,855.12,,,,,,,,,,465.0,0,GPS,52.2,108.75,108.75,134.930,134.930,,,,,,,1.9,0,NONE,NONE,,,0.0,3D,3704,,,418.0,
2022-04-16,16:19:16,+00:00,,49.2078629,4.1491466,313.4,30.33,315.2,18.8,0.00,0.00,-26.58,1.33,-0.86,0.01,-0.00,63.1,358.1,27.7,28.8,7.1,46.00,45.45,3.19,168.10,38.31,13.56,1051.7,0.08,177.13,176.40,182.34,172.67,166.58,158.47,914.32,914.18,888.27,944.85,984.88,944.46,826.31,857.19,,,,,,,,,,465.0,0,GPS,52.2,108.75,108.75,134.930,134.930,,,,,,,1.9,0,NONE,NONE,,,0.0,3D,3704,,,418.0,
2022-04-16,16:19:17,+00:00,,49.2078629,4.1491485,314.4,30.33,312.6,18.8,0.00,0.00,-16.44,1.35,-0.86,0.02,-0.00,63.1,358.1,27.7,28.8,7.1,46.00,45.44,3.49,168.04,39.97,15.12,1117.7,0.09,177.51,176.72,182.72,172.95,166.96,158.89,917.62,919.02,892.72,946.45,988.03,949.06,830.86,861.56,,,,,,,,,,462.5,0,GPS,52.2,108.75,108.75,134.930,134.930,,,,,,,1.9,0,NONE,NONE,,,0.0,3D,3704,,,418.5,
2022-04-16,16:19:18,+00:00,,49.2078667,4.1491489,317.4,30.33,312.0,18.8,0.00,0.00,45.79,1.27,-0.91,0.02,0.00,62.7,358.1,27.7,28.8,7.1,46.00,45.44,3.95,167.94,43.15,14.26,1293.3,0.13,177.91,177.08,183.12,173.22,167.33,159.33,929.48,927.13,911.32,950.38,995.68,957.71,839.51,875.60,,,,,,,,,,461.8,0,GPS,52.2,108.75,108.75,134.930,134.930,,,,,,,1.9,0,NONE,NONE,,,-3.9,3D,3704,,,418.5,
2022-04-16,16:19:19,+00:00,,49.2078667,4.1491513,318.4,30.33,310.8,18.8,0.00,0.00,90.58,1.24,-0.82,0.01,-0.00,62.6,358.1,27.7,28.8,7.0,46.00,45.44,4.17,167.87,44.55,13.95,1323.3,0.13,178.32,177.42,183.49,173.50,167.73,159.76,939.40,937.29,928.19,957.60,1004.74,967.68,850.62,889.81,,,,,,,,,,460.6,0,GPS,52.2,108.75,108.75,134.930,134.930,,,,,,,1.9,0,NONE,NONE,,,0.0,3D,3704,,,418.5,
2022-04-16,16:19:20,+00:00,,49.2078629,4.1491575,318.4,30.33,313.8,18.8,0.00,0.00,68.80,1.16,-0.66,0.03,0.00,61.5,358.1,27.7,28.8,6.9,46.00,45.44,4.27,167.82,45.11,13.92,1329.4,0.13,178.73,177.81,183.90,173.80,168.12,160.22,945.90,946.04,941.97,961.96,1012.92,977.84,860.14,901.05,,,,,,,,,,463.6,0,GPS,52.2,108.75,108.75,134.930,134.930,,,,,,,1.9,0,NONE,NONE,,,11.8,3D,3704,,,259.0,
2022-04-16,16:19:21,+00:00,,49.2078667,4.1491652,319.4,30.33,315.0,18.8,0.00,1.21,53.75,1.46,-0.86,0.01,0.00,62.1,358.1,27.7,28.8,6.8,46.00,45.42,4.29,167.73,45.36,13.89,1331.6,0.13,179.16,178.19,184.26,174.09,168.54,160.69,951.76,952.32,953.38,966.25,1017.29,985.11,867.47,911.09,,,,,,,,,,464.8,0,GPS,52.2,108.75,108.75,134.930,134.930,,,,,,,1.9,0,NONE,NONE,,,0.0,3D,3704,,,259.0,
2022-04-16,16:19:22,+00:00,,49.2078705,4.1491771,318.4,30.33,314.7,18.8,0.00,1.79,23.89,1.67,-0.70,0.02,0.01,62.3,358.1,27.7,28.8,6.8,46.00,45.37,4.29,167.62,45.40,13.86,1332.3,0.13,179.59,178.59,184.72,174.44,168.98,161.18,959.68,958.56,963.47,969.58,1023.51,993.22,875.49,919.88,,,,,,,,,,464.5,0,GPS,52.2,108.75,108.75,134.930,134.930,,,,,,,1.9,0,NONE,NONE,,,0.0,3D,3704,,,259.0,
2022-04-16,16:19:23,+00:00,,49.2078781,4.1491938,318.4,30.33,316.2,18.8,0.00,2.35,-7.20,1.60,-0.86,0.00,0.02,62.5,61.6,27.7,28.8,6.7,46.00,45.32,4.25,167.52,45.29,13.67,1311.2,0.12,180.04,178.99,185.14,174.81,169.43,161.66,964.76,963.41,972.29,973.14,1027.00,999.98,881.81,927.41,,,,,,,,,,466.0,0,GPS,52.2,108.75,108.75,134.930,134.930,,,,,,,1.9,0,NONE,NONE,,,0.0,3D,3704,,,259.5,
2022-04-16,16:19:24,+00:00,,49.2078781,4.1492124,317.4,30.33,315.5,18.8,0.00,2.88,-34.43,1.21,-0.68,-0.01,-0.01,61.5,61.8,27.7,28.7,6.6,46.00,45.32,4.13,167.42,44.79,13.80,1261.4,0.12,180.50,179.43,185.53,175.15,169.89,162.17,966.61,971.64,974.68,975.96,1028.30,1004.39,888.79,930.06,,,,,,,,,,465.3,0,GPS,52.2,108.75,108.75,134.930,134.930,,,,,,,1.9,0,NONE,NONE,,,0.0,3D,3704,,,259.5,
2022-04-16,16:19:25,+00:00,,49.2078857,4.1492338,317.4,30.33,315.3,18.8,0.00,3.38,-32.91,0.85,-0.57,0.00,0.02,60.5,60.1,27.7,28.7,6.6,46.00,45.29,4.01,167.34,44.33,13.71,1237.6,0.11,180.97,179.83,185.96,175.53,170.35,162.67,967.29,975.57,976.22,978.65,1029.22,1005.32,893.22,931.44,,,,,,,,,,465.1,0,GPS,52.2,108.75,108.75,134.930,134.930,,,,,,,1.9,0,NONE,NONE,,,-3.9,3D,3704,,,259.5,
2022-04-16,16:19:26,+00:00,,49.2079010,4.1492510,316.4,30.33,318.6,18.8,0.00,3.60,-32.03,0.80,-0.60,0.01,0.05,60.7,57.0,27.7,28.7,6.5,46.00,45.27,3.90,167.29,43.78,13.73,1213.1,0.11,181.41,180.25,186.44,175.85,170.81,163.19,967.03,978.23,975.93,979.49,1029.07,1007.37,895.69,931.56,,,,,,,,,,468.4,0,GPS,52.2,108.75,108.75,134.930,134.930,,,,,,,1.9,0,NONE,NONE,,,43.3,3D,3704,,,192.0,
2022-04-16,16:19:27,+00:00,,49.2079048,4.1492791,316.4,30.33,316.0,18.8,0.00,3.98,-31.58,1.15,-0.30,-0.00,-0.03,60.1,60.6,27.7,28.7,6.4,46.00,45.25,3.84,167.22,43.55,13.77,1201.5,0.11,181.85,180.65,186.89,176.26,171.29,163.68,966.33,980.64,974.87,981.11,1031.36,1012.20,897.69,930.95,,,,,,,,,,465.8,0,GPS,52.2,108.75,108.75,134.930,134.930,,,,,,,1.9,0,NONE,NONE,,,-3.9,3D,3704,,,192.0,
2022-04-16,16:19:28,+00:00,,49.2079124,4.1493068,316.4,30.33,315.8,18.8,0.00,4.41,-24.55,1.40,-0.25,0.00,-0.04,59.8,61.0,27.7,28.7,6.4,46.00,45.27,3.83,167.13,43.45,13.78,1202.2,0.11,182.29,181.08,187.33,176.63,171.72,164.20,968.69,982.97,973.69,982.94,1030.08,1014.38,899.96,931.13,,,,,,,,,,465.6,0,GPS,52.2,108.75,108.75,134.930,134.930,,,,,,,1.9,0,NONE,NONE,,,0.0,3D,3704,,,192.0,
2022-04-16,16:19:29,+00:00,,49.2079239,4.1493397,315.4,30.33,315.8,18.8,0.00,4.72,-26.42,1.24,-0.21,-0.01,-0.01,60.0,61.2,27.7,28.7,6.4,46.00,45.26,3.81,167.03,43.45,13.79,1201.4,0.11,182.75,181.49,187.78,177.03,172.21,164.69,968.07,985.62,973.34,985.41,1030.32,1016.01,902.56,931.00,,,,,,,,,,465.6,0,GPS,52.2,108.75,108.75,134.930,134.930,,,,,,,1.9,0,NONE,NONE,,,3.9,3D,3704,,,192.0,
2022-04-16,16:19:30,+00:00,,49.2079353,4.1493726,315.4,30.33,315.4,18.8,0.00,5.05,-28.28,1.13,0.33,-0.02,0.06,59.8,61.8,27.7,28.7,6.3,46.00,45.26,3.83,166.95,43.43,13.77,1203.4,0.11,183.19,181.91,188.20,177.41,172.66,165.21,968.33,987.60,972.88,986.53,1030.59,1017.65,904.23,931.20,,,,,,,,,,465.2,0,GPS,52.2,108.75,108.75,134.930,134.930,,,,,,,1.9,0,NONE,NONE,,,0.0,3D,3704,,,192.0,
2022-04-16,16:19:31,+00:00,,49.2079430,4.1494083,315.4,30.33,314.6,18.8,0.00,5.46,-10.22,0.78,0.43,0.01,-0.02,59.6,61.5,27.7,28.7,6.3,46.00,45.29,3.80,166.93,43.53,13.76,1205.9,0.11,183.65,182.31,188.59,177.78,173.14,165.70,968.75,987.91,972.51,986.55,1032.31,1019.15,905.45,931.86,,,,,,,,,,464.4,0,GPS,52.2,108.75,108.75,134.930,134.930,,,,,,,1.9,0,NONE,NONE,,,-3.9,3D,3704,,,192.0,
2022-04-16,16:19:32,+00:00,,49.2079506,4.1494546,316.4,30.33,316.2,18.8,0.00,5.93,3.96,0.19,0.26,0.01,-0.00,60.4,61.2,27.7,28.7,6.2,46.00,45.36,3.82,166.84,43.50,13.81,1201.6,0.11,184.09,182.74,189.07,178.19,173.60,166.23,968.07,989.44,973.43,987.78,1033.51,1019.07,906.87,932.38,,,,,,,,,,466.0,0,GPS,52.2,108.75,108.75,134.930,134.930,,,,,,,1.9,0,NONE,NONE,,,-7.9,3D,3704,,,92.5,
2022-04-16,16:19:33,+00:00,,49.2079697,4.1494937,315.4,30.33,315.4,18.8,0.00,6.47,-2.88,-0.30,0.18,0.01,0.01,61.1,61.7,27.7,28.7,6.2,46.00,45.37,3.80,166.78,43.59,13.74,1206.2,0.11,184.56,183.14,189.49,178.62,174.08,166.73,968.23,989.33,972.91,989.78,1034.51,1020.33,907.94,932.86,,,,,,,,,,465.2,0,GPS,52.2,108.75,108.75,134.930,134.930,,,,,,,1.9,0,NONE,NONE,,,-11.8,3D,3704,,,92.5,
2022-04-16,16:19:34,+00:00,,49.2079811,4.1495318,314.4,30.33,315.9,18.8,0.00,6.32,-32.48,0.89,-0.08,0.03,0.02,61.1,62.4,27.7,28.7,6.1,46.00,45.41,3.75,166.73,43.29,13.66,1185.5,0.10,185.00,183.57,189.93,179.00,174.54,167.27,968.20,990.37,971.83,991.97,1037.33,1023.10,909.42,932.88,,,,,,,,,,465.7,0,GPS,52.2,108.75,108.75,134.930,134.930,,,,,,,1.9,0,NONE,NONE,,,-7.9,3D,3704,,,92.5,
2022-04-16,16:19:35,+00:00,,49.2079964,4.1495733,314.4,30.33,314.9,18.8,0.00,6.63,-32.74,0.69,0.56,-0.03,-0.03,61.1,61.8,27.7,28.7,6.1,46.00,45.41,3.57,166.72,42.49,13.24,1143.5,0.10,185.47,183.98,190.35,179.41,175.00,167.77,967.86,992.62,970.11,994.15,1039.48,1025.03,910.85,931.85,,,,,,,,,,464.7,0,GPS,52.2,108.75,108.75,134.930,134.930,,,,,,,1.9,0,NONE,NONE,,,-7.9,3D,3704,,,92.5,
2022-04-16,16:19:36,+00:00,,49.2080116,4.1496177,313.4,30.33,314.0,18.8,0.00,7.04,-57.46,0.00,0.42,0.00,-0.01,62.1,62.1,27.7,28.7,6.0,46.00,45.44,3.39,166.71,40.14,13.71,1058.7,0.09,185.92,184.41,190.73,179.76,175.45,168.30,969.33,995.04,965.37,994.76,1042.69,1029.70,911.15,930.42,,,,,,,,,,463.8,0,GPS,52.2,108.75,108.75,134.930,134.930,,,,,,,1.9,0,NONE,NONE,,,-7.9,3D,3704,,,92.5,
2022-04-16,16:19:37,+00:00,,49.2080269,4.1496620,311.4,30.33,313.9,18.8,0.00,7.06,-78.12,0.58,0.47,-0.02,0.01,64.6,63.9,27.7,28.7,6.0,46.00,45.48,3.32,166.65,39.01,13.83,1045.5,0.08,186.40,184.83,191.16,180.22,175.91,168.78,968.85,992.78,961.81,995.18,1042.13,1028.21,909.95,927.53,,,,,,,,,,463.7,0,GPS,52.2,108.75,108.75,134.930,134.930,,,,,,,1.9,0,NONE,NONE,,,-11.8,3D,3704,,,92.5,
2022-04-16,16:19:38,+00:00,,49.2080383,4.1497107,311.4,30.33,313.3,18.8,0.00,7.35,-70.69,0.23,0.52,-0.00,0.03,67.2,66.1,27.7,28.7,5.9,46.00,45.41,3.32,166.58,38.54,13.81,1046.4,0.08,186.83,185.27,191.56,180.59,176.36,169.32,967.54,992.55,958.95,1000.90,1041.76,1027.74,910.50,925.30,,,,,,,,,,463.1,0,GPS,52.2,108.75,108.75,134.930,134.930,,,,,,,1.9,0,NONE,NONE,,,-11.8,3D,3704,,,92.5,
2022-04-16,16:19:39,+00:00,,49.2080498,4.1497602,310.4,30.33,313.5,18.8,0.00,7.41,-64.48,-0.40,0.55,0.04,-0.00,69.6,68.1,27.7,28.7,5.9,46.00,45.44,3.30,166.52,38.34,13.83,1046.7,0.08,187.28,185.67,192.03,180.98,176.80,169.80,966.56,991.59,956.41,1003.64,1046.12,1030.13,910.57,923.64,,,,,,,,,,463.3,0,GPS,52.2,108.75,108.75,134.930,134.930,,,,,,,1.9,0,NONE,NONE,,,0.0,3D,3704,,,92.5,
2022-04-16,16:19:40,+00:00,,49.2080574,4.1498089,310.4,30.33,313.3,18.8,0.00,7.10,-50.55,0.56,0.58,0.04,0.04,74.7,71.6,27.7,28.7,5.9,46.00,45.45,3.29,166.52,38.14,13.87,1042.4,0.08,187.71,186.13,192.45,181.34,177.26,170.33,967.83,988.25,953.22,996.52,1048.46,1032.15,906.68,922.68,,,,,,,,,,463.1,0,GPS,52.2,108.75,108.75,134.930,134.930,,,,,,,1.9,0,NONE,NONE,,,0.0,3D,3704,,,92.5,
2022-04-16,16:19:41,+00:00,,49.2080650,4.1498551,309.4,30.33,313.2,18.8,0.00,6.69,-48.09,0.27,0.98,0.08,0.04,82.3,77.7,27.7,28.7,5.9,46.00,45.36,3.30,166.52,37.93,13.92,1037.9,0.08,188.14,186.55,192.82,181.68,177.70,170.82,966.94,988.36,950.97,1000.29,1047.56,1031.55,906.97,920.70,,,,,,,,,,463.0,0,GPS,52.2,108.75,108.75,134.930,134.930,,,,,,,1.9,0,NONE,NONE,,,0.0,3D,3704,,,92.5,
2022-04-16,16:19:42,+00:00,,49.2080650,4.1498966,309.4,30.33,313.4,18.8,0.00,5.97,-46.44,1.11,1.05,0.03,0.01,92.0,87.3,27.7,28.7,5.8,46.00,45.33,3.28,166.53,37.79,13.93,1036.3,0.08,188.57,187.01,193.22,182.07,178.12,171.33,967.07,987.75,949.19,999.05,1048.20,1029.38,905.73,919.97,,,,,,,,,,463.2,0,GPS,52.2,108.75,108.75,134.930,134.930,,,,,,,1.9,0,NONE,NONE,,,3.9,3D,3704,,,92.5,
2022-04-16,16:19:43,+00:00,,49.2080574,4.1499410,309.4,30.33,313.3,18.8,0.00,6.18,-34.33,0.47,0.76,0.01,0.01,99.8,94.9,27.7,28.7,5.8,46.00,45.25,3.26,166.54,38.06,13.87,1042.8,0.08,189.02,187.43,193.68,182.45,178.57,171.81,966.80,984.89,948.18,1003.26,1048.47,1028.42,905.86,918.83,,,,,,,,,,463.1,0,GPS,52.2,108.75,108.75,134.930,134.930,,,,,,,1.9,0,NONE,NONE,,,0.0,3D,3704,,,92.5,
2022-04-16,16:19:44,+00:00,,49.2080498,4.1499839,310.4,30.33,313.4,18.8,0.00,6.26,-3.69,0.44,0.46,-0.00,0.02,104.4,102.5,27.7,28.7,5.8,46.00,45.16,3.26,166.54,38.29,13.85,1046.9,0.08,189.43,187.91,194.11,182.79,179.01,172.32,965.25,984.15,946.59,1002.04,1049.04,1029.04,904.37,917.49,,,,,,,,,,463.2,0,GPS,52.2,108.75,108.75,134.930,134.930,,,,,,,1.9,0,NONE,NONE,,,0.0,3D,3704,,,92.5,
2022-04-16,16:19:45,+00:00,,49.2080421,4.1500235,311.4,30.33,313.2,18.8,0.00,5.99,12.32,0.88,0.45,-0.01,0.01,104.9,104.6,27.7,28.8,5.7,46.00,45.15,3.26,166.47,38.59,13.78,1054.7,0.08,189.86,188.34,194.52,183.16,179.43,172.79,964.37,983.26,944.90,1005.16,1050.60,1030.93,905.17,916.27,,,,,,,,,,463.0,0,GPS,52.2,108.75,108.75,134.930,134.930,,,,,,,1.9,0,NONE,NONE,,,0.0,3D,3704,,,92.5,
2022-04-16,16:19:46,+00:00,,49.2080345,4.1500659,311.4,30.33,313.3,18.8,0.00,6.14,10.03,0.76,0.30,-0.02,-0.00,104.2,104.9,27.7,28.7,5.7,46.00,45.23,3.28,166.39,38.57,13.81,1051.0,0.08,190.26,188.80,194.90,183.48,179.85,173.31,964.23,983.90,944.90,1005.70,1052.93,1031.67,905.42,916.02,,,,,,,,,,463.1,0,GPS,52.2,108.75,108.75,134.930,134.930,,,,,,,1.9,0,NONE,NONE,,,0.0,3D,3704,,,92.5,
2022-04-16,16:19:47,+00:00,,49.2080269,4.1501083,310.4,30.33,313.2,18.8,0.00,6.20,0.52,0.74,0.37,-0.04,-0.01,103.0,103.8,27.7,28.7,5.7,46.00,45.25,3.27,166.36,38.46,13.89,1044.8,0.08,190.68,189.23,195.36,183.87,180.30,173.78,964.32,985.16,946.09,1010.77,1055.04,1033.25,908.64,916.57,,,,,,,,,,463.0,0,GPS,52.2,108.75,108.75,134.930,134.930,,,,,,,1.9,0,NONE,NONE,,,0.0,3D,3704,,,92.5,
2022-04-16,16:19:48,+00:00,,49.2080193,4.1501484,309.4,30.33,313.1,18.8,0.00,5.87,-34.50,0.53,-0.10,-0.04,0.01,96.4,100.8,27.7,28.8,5.6,46.00,45.31,3.27,166.33,38.68,13.85,1052.4,0.08,191.09,189.70,195.80,184.22,180.71,174.30,962.96,984.92,947.11,1013.80,1055.96,1034.27,909.73,916.34,,,,,,,,,,462.9,0,GPS,52.2,108.75,108.75,134.930,134.930,,,,,,,1.9,0,NONE,NONE,,,-3.9,3D,3704,,,92.5,
2022-04-16,16:19:49,+00:00,,49.2080193,4.1501880,310.4,30.33,313.3,18.8,0.00,5.66,-22.30,0.46,-0.22,-0.03,0.01,89.6,92.8,27.7,28.8,5.6,46.00,45.45,3.29,166.30,39.01,13.75,1060.7,0.08,191.51,190.11,196.20,184.59,181.16,174.76,961.46,986.37,947.38,1014.47,1057.93,1034.11,910.15,915.80,,,,,,,,,,463.1,0,GPS,52.2,108.75,108.75,134.930,134.930,,,,,,,1.9,0,NONE,NONE,,,0.0,3D,3704,,,92.0,
2022-04-16,16:19:50,+00:00,,49.2080231,4.1502290,310.4,30.33,312.9,18.8,0.00,5.70,-16.25,0.91,0.40,-0.05,-0.01,80.3,85.8,27.7,28.7,5.6,46.00,45.59,3.31,166.28,39.22,13.77,1060.6,0.09,191.90,190.58,196.63,184.94,181.58,175.29,960.70,987.48,947.97,1015.11,1059.67,1034.97,910.43,915.17,,,,,,,,,,462.7,0,GPS,52.2,108.75,108.75,134.930,134.930,,,,,,,1.9,0,NONE,NONE,,,-3.9,3D,3704,,,93.5,
2022-04-16,16:19:51,+00:00,,49.2080269,4.1502671,310.4,30.33,313.0,18.8,0.00,5.71,3.20,0.85,0.35,-0.07,-0.03,70.9,76.6,27.7,28.7,5.6,46.00,45.71,3.30,166.24,39.20,13.78,1059.3,0.08,192.32,190.99,197.02,185.28,182.01,175.75,961.79,987.71,948.78,1014.71,1064.02,1035.66,911.04,916.17,,,,,,,,,,462.8,0,GPS,52.2,108.75,108.75,134.930,134.930,,,,,,,1.9,0,NONE,NONE,,,-7.9,3D,3704,,,93.5,
2022-04-16,16:19:52,+00:00,,49.2080383,4.1503015,311.4,30.33,313.0,18.8,0.00,5.38,26.75,0.68,0.24,-0.08,-0.02,58.7,65.6,27.7,28.7,5.5,45.97,45.93,3.30,166.20,39.28,13.73,1062.9,0.08,192.72,191.44,197.48,185.68,182.44,176.27,964.43,985.43,948.37,1016.79,1065.89,1036.21,910.61,917.18,,,,,,,,,,462.8,0,GPS,52.2,108.75,108.75,134.930,134.930,,,,,,,1.9,0,NONE,NONE,,,0.0,3D,3704,,,93.5,
2022-04-16,16:19:53,+00:00,,49.2080498,4.1503282,311.4,30.33,312.9,18.8,0.00,4.92,25.88,1.04,0.23,-0.01,0.03,46.3,52.2,27.7,28.7,5.5,45.92,46.00,3.29,166.15,39.46,13.75,1063.0,0.08,193.14,191.89,197.90,186.06,182.87,176.73,965.24,984.60,947.16,1018.73,1066.99,1036.38,910.88,917.70,,,,,,,,,,462.7,0,GPS,52.2,108.75,108.75,134.930,134.930,,,,,,,1.9,0,NONE,NONE,,,3.9,3D,3704,,,93.5,
2022-04-16,16:19:54,+00:00,,49.2080688,4.1503501,311.4,30.33,313.1,18.8,0.00,4.78,7.53,1.27,0.45,-0.04,0.03,34.3,41.0,27.7,28.7,5.5,45.87,46.00,3.31,166.09,39.55,13.70,1065.5,0.08,193.55,192.36,198.32,186.41,183.29,177.24,967.06,983.90,946.40,1019.92,1068.31,1035.73,910.97,918.41,,,,,,,,,,462.9,0,GPS,52.2,108.75,108.75,134.930,134.930,,,,,,,1.9,0,NONE,NONE,,,3.9,3D,3704,,,93.5,
2022-04-16,16:19:55,+00:00,,49.2080841,4.1503620,310.4,30.33,313.1,18.8,0.00,4.08,-20.83,0.79,0.13,-0.05,0.02,20.9,25.4,27.7,28.8,5.4,45.80,46.00,3.33,166.08,39.56,13.76,1066.5,0.08,193.96,192.81,198.71,186.80,183.70,177.72,967.09,983.33,945.47,1020.23,1069.80,1037.28,911.20,918.42,,,,,,,,,,462.9,0,GPS,52.2,108.75,108.75,134.930,134.930,,,,,,,1.9,0,NONE,NONE,,,3.9,3D,3704,,,93.5,
2022-04-16,16:19:56,+00:00,,49.2081032,4.1503692,309.4,30.33,313.1,18.8,0.00,4.02,-47.04,0.35,0.55,-0.01,-0.02,11.6,15.0,27.7,28.8,5.4,45.75,46.00,3.35,166.03,40.67,14.02,1099.3,0.09,194.35,193.28,199.16,187.14,184.12,178.25,967.77,983.98,946.95,1019.83,1070.31,1035.63,911.88,919.34,,,,,,,,,,462.9,0,GPS,52.2,108.75,108.75,134.930,134.930,,,,,,,1.9,0,NONE,NONE,,,7.9,3D,3704,,,93.5,
2022-04-16,16:19:57,+00:00,,49.2081223,4.1503725,310.4,30.33,313.7,18.8,0.00,3.98,-30.22,0.83,0.80,-0.04,0.01,5.0,7.5,27.7,28.8,5.4,45.70,46.00,3.45,166.03,42.22,13.70,1175.9,0.10,194.75,193.72,199.59,187.57,184.56,178.72,969.88,986.09,952.53,1018.15,1068.84,1035.50,912.97,922.27,,,,,,,,,,463.5,0,GPS,52.2,108.75,108.75,134.930,134.930,,,,,,,1.9,0,NONE,NONE,,,3.9,3D,3704,,,93.5,
2022-04-16,16:19:58,+00:00,,49.2081413,4.1503730,309.4,30.33,313.9,18.8,0.00,4.37,-40.86,0.94,0.62,-0.06,-0.03,358.0,0.6,27.7,28.8,5.4,45.66,46.00,3.48,166.04,42.60,13.65,1168.0,0.10,195.14,194.20,200.03,187.93,184.98,179.25,971.70,990.16,957.14,1018.60,1070.56,1036.05,915.29,925.46,,,,,,,,,,463.7,0,GPS,52.2,108.75,108.75,134.930,134.930,,,,,,,1.9,0,NONE,NONE,,,7.9,3D,3704,,,93.5,
2022-04-16,16:19:59,+00:00,,49.2081642,4.1503696,308.4,30.33,313.9,18.8,0.00,4.61,-51.36,1.10,0.45,-0.02,-0.00,352.1,353.7,27.7,28.8,5.3,45.64,46.00,3.49,166.04,42.76,13.59,1167.9,0.10,195.55,194.63,200.40,188.36,185.42,179.73,973.92,991.79,960.42,1018.66,1071.28,1035.61,916.11,927.92,,,,,,,,,,463.7,0,GPS,52.2,108.75,108.75,134.930,134.930,,,,,,,1.9,0,NONE,NONE,,,7.9,3D,3704,,,93.5,
2022-04-16,16:20:00,+00:00,,49.2081833,4.1503634,309.4,30.33,314.1,18.8,0.00,4.55,-25.42,1.33,0.52,-0.03,-0.03,346.7,348.6,27.7,28.7,5.3,45.65,46.00,3.45,166.02,42.29,13.52,1133.6,0.10,195.96,195.10,200.88,188.75,185.85,180.26,974.95,995.06,961.75,1019.45,1074.12,1038.50,917.62,929.75,,,,,,,,,,463.9,0,GPS,52.2,108.75,108.75,134.930,134.930,,,,,,,1.9,0,NONE,NONE,,,3.9,3D,3704,,,93.5,
2022-04-16,16:20:01,+00:00,,49.2082062,4.1503553,308.4,30.33,314.0,18.8,0.00,4.39,-27.59,1.27,0.48,-0.03,-0.03,345.1,344.3,27.7,28.7,5.2,45.64,46.00,3.33,165.95,40.13,13.65,1063.4,0.09,196.39,195.53,201.27,189.13,186.31,180.74,975.07,996.95,959.18,1023.71,1072.36,1042.64,918.94,928.07,,,,,,,,,,463.8,0,GPS,52.2,108.75,108.75,134.930,134.930,,,,,,,1.9,0,NONE,NONE,,,3.9,3D,3704,,,93.5,
2022-04-16,16:20:02,+00:00,,49.2082214,4.1503477,308.4,30.33,314.3,18.8,0.00,4.35,-29.99,0.86,0.69,-0.02,0.02,343.8,343.9,27.7,28.7,5.2,45.65,46.00,3.19,165.91,38.34,13.88,1023.6,0.08,196.79,195.99,201.76,189.58,186.74,181.28,973.36,999.21,957.89,1029.48,1066.40,1046.02,921.68,926.13,,,,,,,,,,464.1,0,GPS,52.2,108.75,108.75,134.930,134.930,,,,,,,1.9,0,NONE,NONE,,,3.9,3D,3704,,,93.5,
2022-04-16,16:20:03,+00:00,,49.2082405,4.1503391,308.4,30.33,314.5,18.8,0.00,4.45,-13.67,0.56,0.71,-0.02,0.02,342.7,342.9,27.7,28.7,5.2,45.67,46.00,3.10,165.94,38.09,13.77,1034.1,0.08,197.21,196.41,202.14,190.01,187.19,181.76,973.08,1000.25,956.65,1032.09,1064.70,1043.56,923.50,925.47,,,,,,,,,,464.3,0,GPS,52.2,108.75,108.75,134.930,134.930,,,,,,,1.9,0,NONE,NONE,,,3.9,3D,3704,,,93.5,
2022-04-16,16:20:04,+00:00,,49.2082634,4.1503301,307.4,30.33,314.7,18.8,0.00,4.37,-25.83,0.92,0.69,-0.02,0.03,340.9,341.1,27.7,28.7,5.2,45.63,46.00,3.08,165.94,37.76,13.79,1026.3,0.08,197.61,196.85,202.56,190.38,187.63,182.30,973.36,1000.17,955.87,1035.69,1062.71,1043.33,924.75,924.89,,,,,,,,,,464.5,0,GPS,52.2,108.75,108.75,134.930,134.930,,,,,,,1.9,0,NONE,NONE,,,3.9,3D,3704,,,93.5,
2022-04-16,16:20:05,+00:00,,49.2082825,4.1503205,306.4,30.33,314.7,18.8,0.00,4.32,-36.66,0.45,0.81,-0.03,0.01,339.9,339.7,27.7,28.7,5.1,45.60,46.00,3.09,165.96,37.51,13.85,1022.8,0.08,198.02,197.25,203.03,190.79,188.08,182.78,971.95,999.79,954.44,1036.56,1061.92,1044.21,925.03,923.66,,,,,,,,,,464.5,0,GPS,52.2,108.75,108.75,134.930,134.930,,,,,,,1.9,0,NONE,NONE,,,3.9,3D,3704,,,93.5,
2022-04-16,16:20:06,+00:00,,49.2083015,4.1503134,307.4,30.33,313.2,18.8,0.00,4.04,-25.76,0.73,0.81,-0.00,0.02,338.5,338.2,27.7,28.7,5.1,45.60,46.00,3.07,165.98,37.28,13.78,1019.3,0.08,198.42,197.69,203.40,191.14,188.53,183.29,971.07,998.88,952.93,1033.81,1061.07,1042.77,923.82,922.27,,,,,,,,,,463.0,0,GPS,52.2,108.75,108.75,134.930,134.930,,,,,,,1.9,0,NONE,NONE,,,3.9,3D,3704,,,93.5,
2022-04-16,16:20:07,+00:00,,49.2083206,4.1503043,306.4,30.33,313.1,18.8,0.00,3.85,-22.07,0.43,0.65,-0.04,0.02,338.1,338.1,27.7,28.7,5.1,45.63,46.00,3.07,166.02,36.69,13.93,1003.7,0.08,198.85,198.10,203.87,191.57,188.97,183.79,969.00,999.77,951.43,1037.14,1059.16,1044.88,925.38,920.71,,,,,,,,,,462.9,0,GPS,52.2,108.75,108.75,134.930,134.930,,,,,,,1.9,0,NONE,NONE,,,0.0,3D,3704,,,93.5,
2022-04-16,16:20:08,+00:00,,49.2083359,4.1502957,307.4,30.33,313.3,18.8,0.00,3.30,-28.35,0.00,0.37,-0.03,0.01,334.5,336.0,27.7,28.7,5.1,45.65,46.00,3.04,165.96,36.32,13.99,995.7,0.08,199.22,198.53,204.29,191.94,189.40,184.31,970.82,999.63,949.68,1040.00,1059.00,1044.39,927.15,920.55,,,,,,,,,,463.1,0,GPS,52.2,108.75,108.75,134.930,134.930,,,,,,,1.9,0,NONE,NONE,,,3.9,3D,3704,,,93.5,
2022-04-16,16:20:09,+00:00,,49.2083435,4.1502857,306.4,30.33,313.8,18.8,0.00,2.59,-13.13,0.90,0.58,-0.02,0.03,326.5,329.3,27.7,28.7,5.1,45.63,46.00,3.07,165.93,36.48,13.92,1004.9,0.08,199.65,198.93,204.71,192.35,189.86,184.77,968.83,995.64,948.18,1038.50,1057.43,1043.80,925.64,918.69,,,,,,,,,,463.6,0,GPS,52.2,108.75,108.75,134.930,134.930,,,,,,,1.9,0,NONE,NONE,,,7.9,3D,3704,,,93.5,
2022-04-16,16:20:10,+00:00,,49.2083511,4.1502757,307.4,30.33,314.0,18.8,0.00,2.47,-9.25,1.29,0.57,-0.02,-0.01,319.6,321.7,27.7,28.7,5.0,45.58,46.00,3.08,165.95,36.45,13.97,1003.9,0.08,200.04,199.36,205.13,192.70,190.29,185.30,967.71,993.31,947.15,1023.17,1054.96,1041.94,920.20,917.33,,,,,,,,,,463.8,0,GPS,52.2,108.75,108.75,134.930,134.930,,,,,,,1.9,0,NONE,NONE,,,3.9,3D,3704,,,93.5,
2022-04-16,16:20:11,+00:00,,49.2083626,4.1502633,306.4,30.33,314.0,18.8,0.00,2.47,-3.05,1.41,0.53,-0.04,0.01,313.0,314.9,27.7,28.7,5.0,45.57,46.00,3.07,165.98,36.25,14.03,995.8,0.08,200.46,199.76,205.51,193.07,190.74,185.78,967.53,995.72,947.28,1021.87,1056.28,1041.40,921.26,917.46,,,,,,,,,,463.8,0,GPS,52.2,108.75,108.75,134.930,134.930,,,,,,,1.9,0,NONE,NONE,,,3.9,3D,3704,,,93.5,
2022-04-16,16:20:12,+00:00,,49.2083664,4.1502509,307.4,30.33,313.9,18.8,0.00,2.16,8.91,1.56,0.53,-0.05,-0.02,304.6,307.4,27.7,28.7,5.0,45.56,46.00,3.07,165.96,35.91,14.11,986.8,0.08,200.86,200.19,205.96,193.47,191.17,186.31,969.85,993.05,946.00,1018.37,1052.71,1043.52,919.73,917.34,,,,,,,,,,463.8,0,GPS,52.2,108.75,108.75,134.930,134.930,,,,,,,1.9,0,NONE,NONE,,,7.9,3D,3704,,,93.5,
2022-04-16,16:20:13,+00:00,,49.2083702,4.1502414,308.4,30.33,314.2,18.8,0.00,1.75,17.58,1.67,0.32,-0.01,-0.02,294.6,303.6,27.7,28.7,5.0,45.60,46.00,3.11,165.94,35.93,14.04,992.1,0.08,201.27,200.58,206.38,193.84,191.61,186.79,968.72,991.04,944.25,1024.19,1049.75,1043.46,921.61,915.99,,,,,,,,,,464.0,0,GPS,52.2,108.75,108.75,134.930,134.930,,,,,,,1.9,0,NONE,NONE,,,0.0,3D,3704,,,93.5,
2022-04-16,16:20:14,+00:00,,49.2083702,4.1502304,308.4,30.33,314.3,18.8,0.00,1.63,19.27,1.45,-0.12,-0.00,-0.00,286.3,303.6,27.7,28.7,4.9,45.57,46.00,3.09,165.96,36.07,14.00,994.3,0.08,201.66,201.02,206.74,194.21,192.04,187.30,967.60,991.67,944.25,1023.45,1048.11,1044.36,922.21,915.26,,,,,,,,,,464.1,0,GPS,52.2,108.75,108.75,134.930,134.930,,,,,,,1.9,0,NONE,NONE,,,-3.9,3D,3704,,,93.5,
2022-04-16,16:20:15,+00:00,,49.2083740,4.1502209,308.4,30.33,314.5,18.8,0.00,1.44,10.58,1.25,-0.22,-0.01,0.01,280.8,303.6,27.7,28.7,4.9,45.59,46.00,3.09,165.99,36.01,14.03,992.8,0.08,202.06,201.42,207.17,194.59,192.48,187.78,965.59,992.47,944.24,1025.04,1049.41,1042.23,923.16,914.73,,,,,,,,,,464.3,0,GPS,52.2,108.75,108.75,134.930,134.930,,,,,,,1.9,0,NONE,NONE,,,3.9,3D,3704,,,93.5,
2022-04-16,16:20:16,+00:00,,49.2083740,4.1502118,309.4,30.33,314.4,18.8,0.00,1.30,5.06,1.34,-0.34,-0.00,-0.01,275.8,303.6,27.7,28.7,4.9,45.64,46.00,3.09,165.97,35.60,14.18,983.2,0.08,202.45,201.84,207.57,194.91,192.91,188.32,966.81,993.35,944.86,1030.97,1049.60,1040.36,925.38,915.81,,,,,,,,,,464.2,0,GPS,52.2,108.75,108.75,134.930,134.930,,,,,,,1.9,0,NONE,NONE,,,-11.8,3D,3704,,,93.5,
2022-04-16,16:20:17,+00:00,,49.2083740,4.1502004,310.4,30.33,314.4,18.8,0.00,1.50,38.63,1.38,-0.44,-0.01,0.01,270.1,303.6,27.7,28.7,4.9,45.68,46.00,3.06,166.00,35.87,14.08,991.6,0.08,202.84,202.24,208.04,195.33,193.37,188.80,965.55,993.59,944.44,1030.09,1049.21,1038.00,925.20,915.27,,,,,,,,,,464.2,0,GPS,52.2,108.75,108.75,134.930,134.930,,,,,,,1.9,0,NONE,NONE,,,3.9,3D,3704,,,93.5,
2022-04-16,16:20:18,+00:00,,49.2083740,4.1501889,311.4,30.33,314.5,18.8,0.00,1.59,39.41,1.24,-0.36,-0.00,-0.02,265.1,303.6,27.7,28.7,4.8,45.73,46.00,3.08,166.05,35.86,14.07,988.6,0.08,203.23,202.67,208.40,195.69,193.78,189.32,965.25,993.58,944.09,1016.95,1049.23,1036.73,922.01,914.98,,,,,,,,,,464.3,0,GPS,52.2,108.75,108.75,134.930,134.930,,,,,,,1.9,0,NONE,NONE,,,3.9,3D,3704,,,93.5,
2022-04-16,16:20:19,+00:00,,49.2083740,4.1501789,310.4,30.33,314.3,18.8,0.00,1.52,21.84,1.16,-0.31,0.00,-0.00,259.7,303.6,27.7,28.7,4.8,45.78,46.00,3.11,166.07,35.62,14.17,982.5,0.08,203.63,203.06,208.84,196.06,194.23,189.82,964.03,997.31,944.61,1021.23,1048.30,1035.46,924.94,914.72,,,,,,,,,,464.1,0,GPS,52.2,108.75,108.75,134.930,134.930,,,,,,,1.9,0,NONE,NONE,,,3.9,3D,3704,,,93.5,
2022-04-16,16:20:20,+00:00,,49.2083740,4.1501703,308.4,30.33,314.4,18.8,0.00,1.26,-43.34,0.64,-0.47,0.00,0.03,255.7,303.6,27.7,28.7,4.8,45.79,46.00,3.09,166.08,35.43,14.21,980.7,0.08,204.02,203.48,209.30,196.42,194.65,190.35,964.09,994.02,944.23,1018.63,1046.63,1034.83,923.39,914.53,,,,,,,,,,464.2,0,GPS,52.2,108.75,108.75,134.930,134.930,,,,,,,1.9,0,NONE,NONE,,,3.9,3D,3704,,,93.5,
2022-04-16,16:20:21,+00:00,,49.2083702,4.1501646,311.4,30.33,314.4,18.8,0.00,0.89,1.57,0.44,-0.36,0.02,0.00,251.7,303.6,27.7,28.7,4.8,45.83,46.00,3.05,166.06,35.40,14.17,982.6,0.08,204.43,203.80,209.68,196.75,195.10,190.75,963.26,994.94,945.32,1015.29,1046.68,1034.37,922.98,914.61,,,,,,,,,,464.2,0,GPS,52.2,108.75,108.75,134.930,134.930,,,,,,,1.9,0,NONE,NONE,,,0.0,3D,3704,,,93.5,
2022-04-16,16:20:22,+00:00,,49.2083702,4.1501608,313.4,30.33,314.5,18.8,0.00,0.00,77.64,0.69,-0.49,0.01,0.00,250.4,303.6,27.7,28.8,4.8,45.90,46.00,3.09,166.05,36.51,14.65,1011.2,0.08,204.80,204.29,210.12,197.14,195.52,191.37,964.17,994.97,946.84,1013.80,1045.99,1035.20,923.21,915.15,,,,,,,,,,464.3,0,GPS,52.2,108.75,108.75,134.930,134.930,,,,,,,1.9,0,NONE,NONE,,,0.0,3D,3704,,,93.5,
2022-04-16,16:20:23,+00:00,,49.2083664,4.1501565,315.4,30.33,314.3,18.8,0.00,0.00,99.68,0.62,-0.59,0.00,0.01,249.8,303.6,27.7,28.8,4.8,45.93,45.97,3.23,166.04,39.94,14.08,1117.9,0.10,205.21,204.65,210.53,197.51,195.96,191.81,967.67,995.20,952.77,1014.46,1047.10,1037.16,923.93,919.04,,,,,,,,,,464.1,0,GPS,52.2,108.75,108.75,134.930,134.930,,,,,,,1.9,0,NONE,NONE,,,3.9,3D,3704,,,93.5,
2022-04-16,16:20:24,+00:00,,49.2083664,4.1501508,315.4,30.33,314.2,18.8,0.00,0.87,75.55,0.10,-0.53,-0.01,-0.01,248.7,303.6,27.7,28.8,4.7,45.98,45.85,3.30,166.02,41.11,13.81,1122.8,0.10,205.60,205.06,210.95,197.86,196.39,192.34,971.06,998.90,958.72,1015.45,1050.09,1038.74,925.61,923.27,,,,,,,,,,464.0,0,GPS,52.2,108.75,108.75,134.930,134.930,,,,,,,1.9,0,NONE,NONE,,,0.0,3D,3704,,,93.5,
2022-04-16,16:20:25,+00:00,,49.2083664,4.1501474,313.4,30.33,314.1,18.8,0.00,0.00,-7.14,-0.14,-0.71,0.01,0.02,248.4,303.6,27.7,28.8,4.7,46.00,45.82,3.33,166.06,40.81,14.01,1090.5,0.09,206.02,205.45,211.32,198.26,196.83,192.84,974.00,1003.90,961.01,1020.23,1054.85,1043.30,928.84,925.98,,,,,,,,,,463.9,0,GPS,52.2,108.75,108.75,134.930,134.930,,,,,,,1.9,0,NONE,NONE,,,0.0,3D,3704,,,93.0,
2022-04-16,16:20:26,+00:00,,49.2083664,4.1501460,314.4,30.33,314.3,18.8,0.00,0.00,-16.29,-0.15,-0.60,0.01,-0.00,248.6,303.6,27.7,28.8,4.7,46.00,45.77,3.34,166.09,40.99,13.90,1098.4,0.09,206.40,205.88,211.70,198.59,197.27,193.37,976.05,1005.34,963.04,1022.88,1057.69,1046.18,930.16,927.75,,,,,,,,,,464.1,0,GPS,52.2,108.75,108.75,134.930,134.930,,,,,,,1.9,0,NONE,NONE,,,0.0,3D,3704,,,93.0,
2022-04-16,16:20:27,+00:00,,49.2083664,4.1501465,315.4,30.33,314.3,18.8,0.00,0.00,11.02,-0.08,-0.64,0.01,0.00,248.5,303.6,27.7,28.7,4.6,46.00,45.73,3.30,166.10,39.80,13.67,1060.4,0.09,206.81,206.28,212.18,199.03,197.71,193.87,979.05,1007.43,964.55,1028.08,1060.06,1050.58,932.50,929.26,,,,,,,,,,464.2,0,GPS,52.2,108.75,108.75,134.930,134.930,,,,,,,1.9,0,NONE,NONE,,,0.0,3D,3704,,,93.0,
2022-04-16,16:20:28,+00:00,,49.2083664,4.1501465,312.4,30.33,314.4,18.8,0.00,0.00,-44.59,-0.01,-0.62,0.02,0.01,248.6,303.6,27.7,28.7,4.6,46.00,45.69,3.05,166.09,36.00,13.78,953.2,0.07,207.21,206.70,212.61,199.40,198.15,194.39,977.55,1008.91,962.56,1027.97,1065.69,1057.75,933.70,929.01,,,,,,,,,,464.2,0,GPS,52.2,108.75,108.75,134.930,134.930,,,,,,,1.9,0,NONE,NONE,,,3.9,3D,3704,,,93.0,
2022-04-16,16:20:29,+00:00,,49.2083664,4.1501446,311.4,30.33,314.9,18.8,0.00,0.00,-62.75,0.00,-0.64,0.00,0.02,248.6,303.6,27.7,28.7,4.5,46.00,45.66,2.87,166.03,33.37,14.17,909.5,0.07,207.62,207.10,212.97,199.82,198.61,194.89,974.54,1007.92,958.43,1021.96,1067.34,1059.08,932.34,926.57,,,,,,,,,,464.7,0,GPS,52.2,108.75,108.75,134.930,134.930,,,,,,,1.9,0,NONE,NONE,,,0.0,3D,3704,,,93.0,
2022-04-16,16:20:30,+00:00,,49.2083664,4.1501441,310.4,30.33,315.0,18.8,0.00,0.00,-66.95,0.10,-0.63,0.02,0.00,248.6,303.6,27.7,28.7,4.5,46.00,45.63,2.82,165.92,32.59,14.11,914.1,0.07,208.01,207.51,213.43,200.18,199.02,195.39,972.58,1004.45,954.45,1011.88,1064.85,1059.31,928.46,924.25,,,,,,,,,,464.9,0,GPS,52.2,108.75,108.75,134.930,134.930,,,,,,,1.9,0,NONE,NONE,,,3.9,3D,3704,,,93.0,
2022-04-16,16:20:31,+00:00,,49.2083664,4.1501436,310.4,30.33,315.1,18.8,0.00,0.00,-50.29,0.09,-0.57,0.01,-0.00,248.5,303.6,27.7,28.7,4.5,46.00,45.60,2.81,165.90,32.27,14.16,912.5,0.07,208.41,207.87,213.79,200.52,199.46,195.84,969.63,1002.02,951.70,999.13,1062.81,1061.88,924.40,921.43,,,,,,,,,,464.9,0,GPS,52.2,108.75,108.75,134.930,134.930,,,,,,,1.9,0,NONE,NONE,,,3.9,3D,3704,,,93.0,
2022-04-16,16:20:32,+00:00,,49.2083664,4.1501431,313.4,30.33,315.4,18.8,0.00,0.00,0.42,0.15,-0.59,0.01,-0.01,248.6,303.6,27.7,28.7,4.5,46.00,45.57,2.80,165.97,32.44,14.10,920.6,0.07,208.80,208.29,214.22,200.91,199.87,196.39,966.39,1000.70,948.93,990.35,1061.39,1060.84,921.32,918.83,,,,,,,,,,465.3,0,GPS,52.2,108.75,108.75,134.930,134.930,,,,,,,1.9,0,NONE,NONE,,,3.9,3D,3704,,,93.0,
2022-04-16,16:20:33,+00:00,,49.2083664,4.1501431,312.4,30.33,315.5,18.8,0.00,0.00,22.70,0.14,-0.57,0.03,-0.00,248.6,303.6,27.7,28.7,4.5,46.00,45.55,2.79,166.03,32.37,14.13,914.4,0.07,209.18,208.67,214.57,201.26,200.28,196.86,965.04,1002.87,946.74,984.39,1061.17,1058.71,920.62,917.32,,,,,,,,,,465.3,0,GPS,52.2,108.75,108.75,134.930,134.930,,,,,,,1.9,0,NONE,NONE,,,0.0,3D,3704,,,93.0,
2022-04-16,16:20:34,+00:00,,49.2083664,4.1501431,312.4,30.33,315.5,18.8,0.00,0.00,2.39,0.13,-0.58,0.00,0.00,248.6,303.6,27.7,28.7,4.5,46.00,45.54,2.82,165.95,32.61,13.98,925.4,0.07,209.56,209.05,215.00,201.61,200.67,197.36,963.58,1002.42,945.14,980.04,1061.72,1057.57,919.40,916.24,,,,,,,,,,465.4,0,GPS,52.2,108.75,108.75,134.930,134.930,,,,,,,1.9,0,NONE,NONE,,,3.9,3D,3704,,,93.0,
2022-04-16,16:20:35,+00:00,,49.2083664,4.1501431,311.4,30.33,315.4,18.8,0.00,0.00,-23.53,0.12,-0.59,0.00,-0.00,248.5,303.6,27.7,28.7,4.4,46.00,45.52,2.82,165.85,32.23,14.19,909.0,0.07,209.93,209.41,215.38,201.95,201.08,197.84,963.01,1000.37,942.93,964.87,1062.23,1060.49,914.08,914.88,,,,,,,,,,465.2,0,GPS,52.2,108.75,108.75,134.930,134.930,,,,,,,1.9,0,NONE,NONE,,,3.9,3D,3704,,,93.0,
2022-04-16,16:20:36,+00:00,,49.2083664,4.1501431,312.4,30.33,315.4,18.8,0.00,0.00,-1.30,0.12,-0.58,0.01,-0.00,248.6,303.6,27.7,28.7,4.4,46.00,45.50,2.81,165.77,32.29,14.08,918.7,0.07,210.30,209.72,215.72,202.24,201.46,198.24,960.40,997.59,940.99,951.32,1063.13,1059.22,908.81,913.02,,,,,,,,,,465.3,0,GPS,52.2,108.75,108.75,134.930,134.930,,,,,,,1.9,0,NONE,NONE,,,3.9,3D,3704,,,93.0,
2022-04-16,16:20:37,+00:00,,49.2083664,4.1501427,313.4,30.33,315.3,18.8,0.00,0.00,9.53,0.11,-0.54,0.02,-0.01,248.6,303.6,27.7,28.8,4.4,46.00,45.49,2.60,165.68,33.06,13.79,943.5,0.07,210.68,210.14,216.14,202.60,201.85,198.78,961.03,997.78,940.60,958.10,1063.20,1061.04,911.85,913.15,,,,,,,,,,465.1,0,GPS,52.2,108.75,108.75,134.930,134.930,,,,,,,1.9,0,NONE,NONE,,,3.9,3D,3704,,,93.0,
2022-04-16,16:20:38,+00:00,,49.2083664,4.1501427,313.4,30.33,315.3,18.8,0.00,0.00,12.00,0.11,-0.60,0.00,0.01,248.5,303.6,27.7,28.7,4.3,46.00,45.46,2.34,165.65,32.59,12.47,918.1,0.07,211.06,210.50,216.52,202.91,202.23,199.27,964.69,997.57,945.52,966.70,1065.64,1053.15,913.17,916.70,,,,,,,,,,465.1,0,GPS,52.2,108.75,108.75,134.930,134.930,,,,,,,1.9,0,NONE,NONE,,,3.9,3D,3704,,,93.0,
2022-04-16,16:20:39,+00:00,,49.2083664,4.1501427,311.4,30.33,315.2,18.8,0.00,0.00,-11.36,0.23,-0.53,-0.02,0.00,248.6,303.6,27.6,28.6,4.2,46.00,45.45,2.03,165.62,27.14,14.40,744.3,0.04,211.43,210.85,216.90,203.23,202.62,199.72,961.82,988.74,939.55,941.63,1054.22,1028.31,898.83,912.88,,,,,,,,,,465.0,0,GPS,52.2,108.75,108.75,134.930,134.930,,,,,,,1.9,0,NONE,NONE,,,3.9,3D,3704,,,93.0,
2022-04-16,16:20:40,+00:00,,49.2083664,4.1501427,310.4,30.33,315.2,18.8,0.00,0.00,-60.13,0.22,-0.57,0.01,0.01,248.6,303.6,27.7,28.7,4.2,46.00,45.45,1.82,165.52,25.62,14.32,751.7,0.04,211.79,211.21,217.27,203.53,202.98,200.20,957.46,982.21,935.40,923.79,1049.38,1022.62,890.32,908.73,,,,,,,,,,465.1,0,GPS,52.2,108.75,108.75,134.930,134.930,,,,,,,1.9,0,NONE,NONE,,,3.9,3D,3704,,,93.0,
2022-04-16,16:20:41,+00:00,,49.2083664,4.1501431,310.4,30.33,315.3,18.8,0.00,0.00,-50.87,0.45,-0.53,0.03,-0.01,248.6,303.6,27.5,28.2,3.0,46.00,45.42,0.94,165.46,19.21,19.67,538.2,0.04,212.16,211.52,217.60,203.82,203.36,200.59,928.66,959.17,911.28,904.10,1025.62,1003.25,873.76,885.87,,,,,,,,,,465.1,0,GPS,52.2,108.75,108.75,134.930,134.930,,,,,,,1.9,0,NONE,NONE,,,3.9,3D,3704,,,93.0,
2022-04-16,16:20:42,+00:00,,49.2083740,4.1501532,309.4,30.33,312.3,18.8,0.00,0.00,-45.45,0.45,-0.56,0.01,0.01,248.6,314.9,27.3,27.7,1.5,46.00,45.42,0.42,165.43,10.50,27.67,256.7,0.02,212.50,211.89,217.98,204.13,203.71,201.08,887.87,922.21,880.75,869.93,983.12,961.66,848.36,857.30,,,,,,,,,,462.2,0,GPS,52.2,108.75,108.75,134.930,134.930,,,,,,,1.9,